﻿Designator,Footprint,Quantity,Value,LCSC Part #
BOOT,BZCN-tsc003,1,BOOT,C115357
"C1, C2",0402,2,100nF,C1525
"D1, D10, D11, D12, D13, D14, D15, D16, D17, D18, D19, D2, D20, D21, D3, D4, D5, D6, D7, D8, D9",SOT-23_Handsoldering,21,BAV70_Small,
D22,0402,1,PMEG2010EA,C2837790
F1,0402,1,500mA,C210357
J1,USB_C_Receptacle_HRO_TYPE-C-31-M-12,1,USB_C_Receptacle_USB2.0,C2765186
"R1, R2",0402,2,5.1k,C25905
R3,0402,1,10k,C25744
RST,BZCN-tsc003,1,RESET,C115357
"SW1, SW10, SW11, SW12, SW13, SW14, SW15, SW16, SW17, SW18, SW19, SW2, SW20, SW21, SW22, SW23, SW24, SW25, SW26, SW27, SW28, SW29, SW3, SW30, SW31, SW32, SW33, SW34, SW35, SW36, SW37, SW38, SW39, SW4, SW40, SW41, SW42, SW5, SW6, SW7, SW8, SW9",BZCN-tsc003,42,SW_Push,
U1,SOT-23-6,1,USBLC6-2SC6,C2687116
U2,TSSOP-20_4.4x6.5mm_P0.65mm,1,CH552T,C111367
